STTW,
S01E09,
S01E15,
S01E22,
S02E05,
S02E06,
S04E08,
S04E13
S04E20,
S06E10,
S07E01,
S07E06
,
,
TG,
S0305, Toyota Hilux,
S06E01, Car Football,
S06E08, Convertible Coupes in Iceland,
S070XX, Winter Olympics,
S08E01,Convertible Espace,
S08E03, Aquatic Cars,
S08E07, Kit Car Race,
S09E05, Tractor Challenge,
S09E06, Stretch Limos,
S10E01, Greatest Driving Road,
S10E02, Aquatic Cars II,
S10E03, P50 at BBC
S10E05, London Race,
S12E01, 5k Lorry,
S13E01, Race to the North,
S14E02, DIY Electric Car,
S14E05, Automotive Art Gallery,
S15E04, Motorhomes Challenge, 
S16E02, Top Gear Ashes,
S16E05, DIY Snowplow,
S16E06, Daylight Race,
S17E04, Car Train Challenge, 
S17E05, Demolition,
S18E01, Italy in Supercars,
S18E02, Chinese Cars,
S18E04, Mobility Scooter Challenge,
S19E01, P45,
S19E02, West Coast Roadtrip,
S19E03, Mustang Race,
S19E04, Car Rugby,
S19E05, OAP Car, 
S20E04, Hovervan,
S21E03, Ukraine Roadtrip
